Index,MACHINE_ID,MotorPowSupCurrent,Bearing1Temp,LubrOilPressure,ENBLOCK_ID,Timestamp
1,1,0.0,10.0,-3,0,1708018574.07
2,1,0.61,10.2,-2,0,1708018575.07
3,1,1.21,10.4,-1,0,1708018576.07
4,1,1.82,10.6,0,0,1708018577.07
5,1,2.42,10.8,1,0,1708018578.07
6,1,3.03,11.0,2,0,1708018579.07
7,1,3.63,11.2,3,0,1708018580.07
8,1,4.24,11.4,4,0,1708018581.07
9,1,4.84,11.6,5,0,1708018582.07
10,1,5.45,11.8,6,0,1708018583.07
11,1,6.05,12.0,7,0,1708018584.07
12,1,6.65,12.2,8,0,1708018585.07
13,1,7.25,12.4,9,0,1708018586.07
14,1,7.85,12.6,10,0,1708018587.07
15,1,8.45,12.8,11,0,1708018588.07
16,1,9.05,13.0,12,0,1708018589.07
17,1,9.65,13.2,13,0,1708018590.07
18,1,10.25,13.4,14,0,1708018591.07
19,1,10.84,13.6,15,0,1708018592.07
20,1,11.44,13.8,16,0,1708018593.07
21,1,12.03,14.0,17,0,1708018594.07
22,1,12.63,14.2,18,0,1708018595.07
23,1,13.22,14.4,19,0,1708018596.07
24,1,13.81,14.6,20,0,1708018597.07
25,1,14.4,14.8,21,0,1708018598.07
26,1,14.98,15.0,22,0,1708018599.07
27,1,15.57,15.2,23,0,1708018600.07
28,1,16.15,15.4,24,0,1708018601.07
29,1,16.73,15.6,25,0,1708018602.07
30,1,17.31,15.8,26,0,1708018603.07
31,1,17.89,16.0,27,0,1708018604.07
32,1,18.47,16.2,28,0,1708018605.07
33,1,19.04,16.4,29,0,1708018606.07
34,1,19.61,16.6,30,0,1708018607.07
35,1,20.18,16.8,31,0,1708018608.07
36,1,20.75,17.0,32,0,1708018609.07
37,1,21.32,17.2,33,0,1708018610.07
38,1,21.88,17.4,34,0,1708018611.07
39,1,22.44,17.6,35,0,1708018612.07
40,1,23.0,17.8,36,0,1708018613.07
41,1,23.56,18.0,37,0,1708018614.07
42,1,24.11,18.2,38,0,1708018615.07
43,1,24.66,18.4,39,0,1708018616.07
44,1,25.21,18.6,40,0,1708018617.07
45,1,25.76,18.8,41,0,1708018618.07
46,1,26.3,19.0,42,0,1708018619.07
47,1,26.84,19.2,43,0,1708018620.07
48,1,27.38,19.4,44,0,1708018621.07
49,1,27.91,19.6,45,0,1708018622.07
50,1,28.44,19.8,46,0,1708018623.07
51,1,28.97,20.0,47,0,1708018624.07
52,1,29.5,20.2,48,0,1708018625.07
53,1,30.02,20.4,49,0,1708018626.07
54,1,30.54,20.6,50,0,1708018627.07
55,1,31.05,20.8,51,0,1708018628.07
56,1,31.56,21.0,52,0,1708018629.07
57,1,32.07,21.2,53,0,1708018630.07
58,1,32.58,21.4,54,0,1708018631.07
59,1,33.08,21.6,55,0,1708018632.07
60,1,33.57,21.8,56,0,1708018633.07
61,1,34.07,22.0,57,0,1708018634.07
62,1,34.56,22.2,58,0,1708018635.07
63,1,35.04,22.4,59,0,1708018636.07
64,1,35.52,22.6,60,0,1708018637.07
65,1,36.0,22.8,61,0,1708018638.07
66,1,36.48,23.0,62,0,1708018639.07
67,1,36.94,23.2,63,0,1708018640.07
68,1,37.41,23.4,64,0,1708018641.07
69,1,37.87,23.6,65,0,1708018642.07
70,1,38.33,23.8,66,0,1708018643.07
71,1,38.78,24.0,67,0,1708018644.07
72,1,39.23,24.2,68,0,1708018645.07
73,1,39.67,24.4,69,0,1708018646.07
74,1,40.11,24.6,70,0,1708018647.07
75,1,40.55,24.8,71,0,1708018648.07
76,1,40.97,25.0,72,0,1708018649.07
77,1,41.4,25.2,73,0,1708018650.07
78,1,41.82,25.4,74,0,1708018651.08
79,1,42.23,25.6,75,0,1708018652.08
80,1,42.64,25.8,76,0,1708018653.08
81,1,43.05,26.0,77,0,1708018654.08
82,1,43.45,26.2,78,0,1708018655.08
83,1,43.84,26.4,79,0,1708018656.08
84,1,44.23,26.6,80,0,1708018657.08
85,1,44.62,26.8,81,0,1708018658.08
86,1,45.0,27.0,82,0,1708018659.08
87,1,45.37,27.2,83,0,1708018660.08
88,1,45.74,27.4,84,0,1708018661.08
89,1,46.1,27.6,85,0,1708018662.08
90,1,46.46,27.8,86,0,1708018663.08
91,1,46.81,28.0,87,0,1708018664.08
92,1,47.16,28.2,88,0,1708018665.08
93,1,47.5,28.4,89,0,1708018666.08
94,1,47.83,28.6,90,0,1708018667.08
95,1,48.16,28.8,91,0,1708018668.08
96,1,48.48,29.0,92,0,1708018669.08
97,1,48.8,29.2,93,0,1708018670.08
98,1,49.11,29.4,94,0,1708018671.08
99,1,49.41,29.6,95,0,1708018672.08
100,1,49.71,29.8,96,0,1708018673.08
101,1,50.0,30.0,97,0,1708018674.08
102,1,50.29,30.2,98,0,1708018675.08
103,1,50.56,30.4,99,0,1708018676.08
104,1,50.84,30.6,100,0,1708018677.08
105,1,51.11,30.8,101,0,1708018678.08
106,1,51.37,31.0,102,0,1708018679.08
107,1,51.63,31.2,103,0,1708018680.08
108,1,51.89,31.4,104,0,1708018681.08
109,1,52.14,31.6,105,0,1708018682.08
110,1,52.39,31.8,106,0,1708018683.08
111,1,52.64,32.0,107,0,1708018684.08
112,1,52.88,32.2,108,0,1708018685.08
113,1,53.13,32.4,109,0,1708018686.08
114,1,53.37,32.6,110,0,1708018687.08
115,1,53.61,32.8,111,0,1708018688.08
116,1,53.85,33.0,112,0,1708018689.08
117,1,54.1,33.2,113,0,1708018690.08
118,1,54.34,33.4,114,0,1708018691.08
119,1,54.58,33.6,115,0,1708018692.08
120,1,54.83,33.8,116,0,1708018693.08
121,1,55.08,34.0,117,0,1708018694.08
122,1,55.33,34.2,118,0,1708018695.08
123,1,55.58,34.4,119,0,1708018696.08
124,1,55.84,34.6,120,0,1708018697.08
125,1,56.1,34.8,121,0,1708018698.08
126,1,56.36,35.0,122,0,1708018699.08
127,1,56.63,35.2,123,0,1708018700.08
128,1,56.9,35.4,124,0,1708018701.08
129,1,57.18,35.6,125,0,1708018702.08
130,1,57.46,35.8,126,0,1708018703.08
131,1,57.76,36.0,127,0,1708018704.08
132,1,58.05,36.2,128,0,1708018705.08
133,1,58.36,36.4,129,0,1708018706.08
134,1,58.67,36.6,130,0,1708018707.08
135,1,58.99,36.8,131,0,1708018708.08
136,1,59.32,37.0,132,0,1708018709.08
137,1,59.66,37.2,133,0,1708018710.08
138,1,60.01,37.4,134,0,1708018711.08
139,1,60.37,37.6,135,0,1708018712.08
140,1,60.73,37.8,136,0,1708018713.08
141,1,61.11,38.0,137,0,1708018714.08
142,1,61.5,38.2,138,0,1708018715.08
143,1,61.9,38.4,139,0,1708018716.08
144,1,62.32,38.6,140,0,1708018717.08
145,1,62.74,38.8,141,0,1708018718.08
146,1,63.18,39.0,142,0,1708018719.08
147,1,63.64,39.2,143,0,1708018720.08
148,1,64.1,39.4,144,0,1708018721.08
149,1,64.58,39.6,145,0,1708018722.08
150,1,65.08,39.8,146,0,1708018723.08
151,1,65.59,40.0,147,0,1708018724.08
152,1,66.11,40.2,148,0,1708018725.08
153,1,66.65,40.4,149,0,1708018726.08
154,1,67.21,40.6,150,0,1708018727.08
155,1,67.79,40.8,151,0,1708018728.08
156,1,68.38,41.0,152,0,1708018729.08
157,1,68.99,41.2,153,0,1708018730.08
158,1,69.61,41.4,154,0,1708018731.08
159,1,70.26,41.6,155,0,1708018732.08
160,1,70.93,41.8,156,0,1708018733.08
161,1,71.61,42.0,157,0,1708018734.08
162,1,72.32,42.2,158,0,1708018735.08
163,1,73.04,42.4,159,0,1708018736.08
164,1,73.79,42.6,160,0,1708018737.08
165,1,74.55,42.8,161,0,1708018738.08
166,1,75.34,43.0,162,0,1708018739.08
167,1,76.15,43.2,163,0,1708018740.08
168,1,76.99,43.4,164,0,1708018741.08
169,1,77.84,43.6,165,0,1708018742.08
170,1,78.72,43.8,166,0,1708018743.08
171,1,79.63,44.0,167,0,1708018744.08
172,1,80.56,44.2,168,0,1708018745.08
173,1,81.51,44.4,169,0,1708018746.08
174,1,82.49,44.6,170,0,1708018747.08
175,1,83.49,44.8,171,0,1708018748.08
176,1,84.52,45.0,172,0,1708018749.08
177,1,85.58,45.2,173,0,1708018750.08
178,1,86.66,45.4,174,0,1708018751.08
179,1,87.77,45.6,175,0,1708018752.08
180,1,88.91,45.8,176,0,1708018753.08
181,1,90.07,46.0,177,0,1708018754.08
182,1,91.27,46.2,178,0,1708018755.08
183,1,92.49,46.4,179,0,1708018756.08
184,1,93.75,46.6,180,0,1708018757.08
185,1,95.03,46.8,181,0,1708018758.08
186,1,96.34,47.0,182,0,1708018759.08
187,1,97.69,47.2,183,0,1708018760.08
188,1,99.06,47.4,184,0,1708018761.08
189,1,100.47,47.6,185,0,1708018762.08
190,1,101.91,47.8,186,0,1708018763.08
191,1,103.38,48.0,187,0,1708018764.08
192,1,104.89,48.2,188,0,1708018765.08
193,1,106.43,48.4,189,0,1708018766.08
194,1,108.0,48.6,190,0,1708018767.08
195,1,109.61,48.8,191,0,1708018768.08
196,1,111.25,49.0,192,0,1708018769.08
197,1,112.93,49.2,193,0,1708018770.08
198,1,114.64,49.4,194,0,1708018771.08
199,1,116.39,49.6,195,0,1708018772.08
200,1,118.18,49.8,196,0,1708018773.08
201,1,120.0,50.0,197,0,1708018774.08
202,1,121.86,50.2,198,0,1708018775.08
203,1,123.76,50.4,199,0,1708018776.08
204,1,125.69,50.6,200,0,1708018777.08
205,1,127.66,50.8,201,0,1708018778.08
206,1,129.67,51.0,202,0,1708018779.08
207,1,131.71,51.2,203,0,1708018780.08
208,1,133.78,51.4,204,0,1708018781.08
209,1,135.89,51.6,205,0,1708018782.08
210,1,138.04,51.8,206,0,1708018783.08
211,1,140.22,52.0,207,0,1708018784.08
212,1,142.43,52.2,208,0,1708018785.08
213,1,144.67,52.4,209,0,1708018786.08
214,1,146.95,52.6,210,0,1708018787.08
215,1,149.26,52.8,211,0,1708018788.08
216,1,151.6,53.0,212,0,1708018789.08
217,1,153.98,53.2,213,0,1708018790.08
218,1,156.38,53.4,214,0,1708018791.08
219,1,158.81,53.6,215,0,1708018792.08
220,1,161.28,53.8,216,0,1708018793.08
221,1,163.77,54.0,217,0,1708018794.08
222,1,166.3,54.2,218,0,1708018795.08
223,1,168.85,54.4,219,0,1708018796.08
224,1,171.43,54.6,220,0,1708018797.08
225,1,174.04,54.8,221,0,1708018798.08
226,1,176.68,55.0,222,0,1708018799.08
227,1,179.34,55.2,223,0,1708018800.08
228,1,182.03,55.4,224,0,1708018801.08
229,1,184.75,55.6,225,0,1708018802.08
230,1,187.5,55.8,226,0,1708018803.08
231,1,190.27,56.0,227,0,1708018804.08
232,1,193.06,56.2,228,0,1708018805.08
233,1,195.88,56.4,229,0,1708018806.08
234,1,198.73,56.6,230,0,1708018807.08
235,1,201.6,56.8,231,0,1708018808.08
236,1,204.49,57.0,232,0,1708018809.08
237,1,207.4,57.2,233,0,1708018810.08
238,1,210.34,57.4,234,0,1708018811.08
239,1,213.3,57.6,235,0,1708018812.08
240,1,216.29,57.8,236,0,1708018813.08
241,1,219.29,58.0,237,0,1708018814.08
242,1,222.32,58.2,238,0,1708018815.08
243,1,225.37,58.4,239,0,1708018816.08
244,1,228.44,58.6,240,0,1708018817.08
245,1,231.52,58.8,241,0,1708018818.08
246,1,234.63,59.0,242,0,1708018819.08
247,1,237.76,59.2,243,0,1708018820.08
248,1,240.9,59.4,244,0,1708018821.08
249,1,244.07,59.6,245,0,1708018822.08
250,1,247.25,59.8,246,0,1708018823.08
251,1,250.45,60.0,247,0,1708018824.08
252,1,253.67,60.2,248,0,1708018825.08
253,1,256.9,60.4,249,0,1708018826.08
254,1,260.16,60.6,250,0,1708018827.08
255,1,263.42,60.8,251,0,1708018828.08
256,1,266.71,61.0,252,0,1708018829.08
257,1,270.0,61.2,253,0,1708018830.08
258,1,273.32,61.4,254,0,1708018831.08
259,1,276.64,61.6,255,0,1708018832.08
260,1,279.99,61.8,256,0,1708018833.08
261,1,283.34,62.0,257,0,1708018834.08
262,1,286.71,62.2,258,0,1708018835.08
263,1,290.09,62.4,259,0,1708018836.08
264,1,293.48,62.6,260,0,1708018837.08
265,1,296.89,62.8,261,0,1708018838.08
266,1,300.31,63.0,262,0,1708018839.08
267,1,303.74,63.2,263,0,1708018840.08
268,1,307.18,63.4,264,0,1708018841.08
269,1,310.63,63.6,265,0,1708018842.08
270,1,314.09,63.8,266,0,1708018843.08
271,1,317.56,64.0,267,0,1708018844.08
272,1,321.03,64.2,268,0,1708018845.08
273,1,324.52,64.4,269,0,1708018846.08
274,1,328.02,64.6,270,0,1708018847.08
275,1,331.52,64.8,271,0,1708018848.08
276,1,335.04,65.0,272,0,1708018849.08
277,1,338.55,65.2,273,0,1708018850.08
278,1,342.08,65.4,274,0,1708018851.08
279,1,345.61,65.6,275,0,1708018852.08
280,1,349.15,65.8,276,0,1708018853.08
281,1,352.7,66.0,277,0,1708018854.08
282,1,356.25,66.2,278,0,1708018855.08
283,1,359.8,66.4,279,0,1708018856.08
284,1,363.36,66.6,280,0,1708018857.08
285,1,366.92,66.8,281,0,1708018858.08
286,1,370.49,67.0,282,0,1708018859.08
287,1,374.06,67.2,283,0,1708018860.08
288,1,377.63,67.4,284,0,1708018861.08
289,1,381.2,67.6,285,0,1708018862.08
290,1,384.78,67.8,286,0,1708018863.08
291,1,388.36,68.0,287,0,1708018864.08
292,1,391.94,68.2,288,0,1708018865.08
293,1,395.52,68.4,289,0,1708018866.08
294,1,399.1,68.6,290,0,1708018867.08
295,1,402.68,68.8,291,0,1708018868.08
296,1,406.26,69.0,292,0,1708018869.08
297,1,409.84,69.2,293,0,1708018870.08
298,1,413.42,69.4,294,0,1708018871.08
299,1,416.99,69.6,295,0,1708018872.08
300,1,420.57,69.8,296,0,1708018873.08
301,1,424.14,70.0,297,0,1708018874.08
302,1,427.71,70.2,298,0,1708018875.08
303,1,431.28,70.4,299,0,1708018876.08
304,1,434.84,70.6,300,0,1708018877.08
305,1,438.4,70.8,301,0,1708018878.08
306,1,441.95,71.0,302,0,1708018879.08
307,1,445.5,71.2,303,0,1708018880.08
308,1,449.04,71.4,304,0,1708018881.08
309,1,452.58,71.6,305,0,1708018882.08
310,1,456.11,71.8,306,0,1708018883.08
311,1,459.64,72.0,307,0,1708018884.08
312,1,463.16,72.2,308,0,1708018885.08
313,1,466.67,72.4,309,0,1708018886.08
314,1,470.17,72.6,310,0,1708018887.08
315,1,473.67,72.8,311,0,1708018888.08
316,1,477.16,73.0,312,0,1708018889.08
317,1,480.63,73.2,313,0,1708018890.08
318,1,484.1,73.4,314,0,1708018891.08
319,1,487.56,73.6,315,0,1708018892.08
320,1,491.01,73.8,316,0,1708018893.08
321,1,494.45,74.0,317,0,1708018894.08
322,1,497.88,74.2,318,0,1708018895.08
323,1,501.3,74.4,319,0,1708018896.08
324,1,504.7,74.6,320,0,1708018897.08
325,1,508.1,74.8,321,0,1708018898.08
326,1,511.48,75.0,322,0,1708018899.08
327,1,514.84,75.2,323,0,1708018900.08
328,1,518.2,75.4,324,0,1708018901.08
329,1,521.54,75.6,325,0,1708018902.08
330,1,524.87,75.8,326,0,1708018903.08
331,1,528.18,76.0,327,0,1708018904.08
332,1,531.48,76.2,328,0,1708018905.08
333,1,534.76,76.4,329,0,1708018906.08
334,1,538.02,76.6,330,0,1708018907.08
335,1,541.27,76.8,331,0,1708018908.08
336,1,544.51,77.0,332,0,1708018909.08
337,1,547.72,77.2,333,0,1708018910.08
338,1,550.92,77.4,334,0,1708018911.08
339,1,554.11,77.6,335,0,1708018912.08
340,1,557.27,77.8,336,0,1708018913.08
341,1,560.41,78.0,337,0,1708018914.08
342,1,563.54,78.2,338,0,1708018915.08
343,1,566.65,78.4,339,0,1708018916.08
344,1,569.73,78.6,340,0,1708018917.08
345,1,572.8,78.8,341,0,1708018918.08
346,1,575.85,79.0,342,0,1708018919.08
347,1,578.87,79.2,343,0,1708018920.08
348,1,581.88,79.4,344,0,1708018921.08
349,1,584.86,79.6,345,0,1708018922.08
350,1,587.82,79.8,346,0,1708018923.08
351,1,590.76,80.0,347,0,1708018924.08
352,1,593.67,80.2,348,0,1708018925.08
353,1,596.56,80.4,349,0,1708018926.08
354,1,599.43,80.6,350,0,1708018927.08
355,1,602.27,80.8,351,0,1708018928.08
356,1,605.09,81.0,352,0,1708018929.08
357,1,607.89,81.2,353,0,1708018930.08
358,1,610.66,81.4,354,0,1708018931.08
359,1,613.4,81.6,355,0,1708018932.08
360,1,616.12,81.8,356,0,1708018933.08
361,1,618.81,82.0,357,0,1708018934.08
362,1,621.47,82.2,358,0,1708018935.08
363,1,624.1,82.4,359,0,1708018936.08
364,1,626.71,82.6,360,0,1708018937.08
365,1,629.29,82.8,361,0,1708018938.08
366,1,631.84,83.0,362,0,1708018939.08
367,1,634.37,83.2,363,0,1708018940.08
368,1,636.86,83.4,364,0,1708018941.08
369,1,639.32,83.6,365,0,1708018942.08
370,1,641.75,83.8,366,0,1708018943.08
371,1,644.16,84.0,367,0,1708018944.08
372,1,646.53,84.2,368,0,1708018945.08
373,1,648.87,84.4,369,0,1708018946.08
374,1,651.18,84.6,370,0,1708018947.08
375,1,653.45,84.8,371,0,1708018948.08
376,1,655.69,85.0,372,0,1708018949.08
377,1,657.9,85.2,373,0,1708018950.08
378,1,660.08,85.4,374,0,1708018951.08
379,1,662.22,85.6,375,0,1708018952.08
380,1,664.33,85.8,376,0,1708018953.08
381,1,666.41,86.0,377,0,1708018954.08
382,1,668.45,86.2,378,0,1708018955.08
383,1,670.45,86.4,379,0,1708018956.08
384,1,672.42,86.6,380,0,1708018957.08
385,1,674.35,86.8,381,0,1708018958.08
386,1,676.24,87.0,382,0,1708018959.08
387,1,678.1,87.2,383,0,1708018960.08
388,1,679.92,87.4,384,0,1708018961.08
389,1,681.71,87.6,385,0,1708018962.08
390,1,683.45,87.8,386,0,1708018963.08
391,1,685.16,88.0,387,0,1708018964.08
392,1,686.82,88.2,388,0,1708018965.08
393,1,688.45,88.4,389,0,1708018966.08
394,1,690.04,88.6,390,0,1708018967.08
395,1,691.58,88.8,391,0,1708018968.08
396,1,693.09,89.0,392,0,1708018969.08
397,1,694.56,89.2,393,0,1708018970.08
398,1,695.98,89.4,394,0,1708018971.08
399,1,697.36,89.6,395,0,1708018972.08
400,1,698.7,89.8,396,0,1708018973.08
401,1,700.0,90.0,397,0,1708018974.08
402,1,701.25,90.2,398,0,1708018975.08
403,1,702.47,90.4,399,0,1708018976.08
404,1,703.63,90.6,400,0,1708018977.08
405,1,704.76,90.8,401,0,1708018978.08
406,1,705.85,91.0,402,0,1708018979.08
407,1,706.89,91.2,403,0,1708018980.08
408,1,707.89,91.4,404,0,1708018981.08
409,1,708.85,91.6,405,0,1708018982.08
410,1,709.77,91.8,406,0,1708018983.08
411,1,710.65,92.0,407,0,1708018984.08
412,1,711.49,92.2,408,0,1708018985.08
413,1,712.3,92.4,409,0,1708018986.08
414,1,713.06,92.6,410,0,1708018987.08
415,1,713.78,92.8,411,0,1708018988.08
416,1,714.46,93.0,412,0,1708018989.08
417,1,715.11,93.2,413,0,1708018990.08
418,1,715.71,93.4,414,0,1708018991.08
419,1,716.28,93.6,415,0,1708018992.08
420,1,716.81,93.8,416,0,1708018993.08
421,1,717.31,94.0,417,0,1708018994.08
422,1,717.76,94.2,418,0,1708018995.08
423,1,718.18,94.4,419,0,1708018996.08
424,1,718.57,94.6,420,0,1708018997.08
425,1,718.91,94.8,421,0,1708018998.08
426,1,719.23,95.0,422,0,1708018999.08
427,1,719.5,95.2,423,0,1708019000.08
428,1,719.74,95.4,424,0,1708019001.08
429,1,719.95,95.6,425,0,1708019002.08
430,1,720.12,95.8,426,0,1708019003.08
431,1,720.26,96.0,427,0,1708019004.08
432,1,720.36,96.2,428,0,1708019005.08
433,1,720.43,96.4,429,0,1708019006.08
434,1,720.47,96.6,430,0,1708019007.08
435,1,720.47,96.8,431,0,1708019008.08
436,1,720.45,97.0,432,0,1708019009.08
437,1,720.38,97.2,433,0,1708019010.08
438,1,720.29,97.4,434,0,1708019011.08
439,1,720.17,97.6,435,0,1708019012.08
440,1,720.01,97.8,436,0,1708019013.08
441,1,719.82,98.0,437,0,1708019014.08
442,1,719.6,98.2,438,0,1708019015.08
443,1,719.35,98.4,439,0,1708019016.08
444,1,719.07,98.6,440,0,1708019017.08
445,1,718.76,98.8,441,0,1708019018.08
446,1,718.42,99.0,442,0,1708019019.08
447,1,718.06,99.2,443,0,1708019020.08
448,1,717.66,99.4,444,0,1708019021.08
449,1,717.23,99.6,445,0,1708019022.08
450,1,716.78,99.8,446,0,1708019023.08
451,1,716.29,100.0,447,0,1708019024.08
452,1,715.78,100.2,448,0,1708019025.08
453,1,715.25,100.4,449,0,1708019026.08
454,1,714.68,100.6,450,0,1708019027.08
455,1,714.09,100.8,451,0,1708019028.08
456,1,713.47,101.0,452,0,1708019029.08
457,1,712.82,101.2,453,0,1708019030.08
458,1,712.15,101.4,454,0,1708019031.08
459,1,711.45,101.6,455,0,1708019032.08
460,1,710.73,101.8,456,0,1708019033.08
461,1,709.98,102.0,457,0,1708019034.08
462,1,709.21,102.2,458,0,1708019035.08
463,1,708.41,102.4,459,0,1708019036.08
464,1,707.59,102.6,460,0,1708019037.08
465,1,706.75,102.8,461,0,1708019038.08
466,1,705.88,103.0,462,0,1708019039.08
467,1,704.99,103.2,463,0,1708019040.08
468,1,704.07,103.4,464,0,1708019041.08
469,1,703.14,103.6,465,0,1708019042.08
470,1,702.18,103.8,466,0,1708019043.08
471,1,701.19,104.0,467,0,1708019044.08
472,1,700.19,104.2,468,0,1708019045.08
473,1,699.17,104.4,469,0,1708019046.08
474,1,698.12,104.6,470,0,1708019047.08
475,1,697.05,104.8,471,0,1708019048.08
476,1,695.96,105.0,472,0,1708019049.08
477,1,694.86,105.2,473,0,1708019050.08
478,1,693.73,105.4,474,0,1708019051.08
479,1,692.58,105.6,475,0,1708019052.08
480,1,691.42,105.8,476,0,1708019053.08
481,1,690.23,106.0,477,0,1708019054.08
482,1,689.03,106.2,478,0,1708019055.08
483,1,687.8,106.4,479,0,1708019056.08
484,1,686.56,106.6,480,0,1708019057.08
485,1,685.3,106.8,481,0,1708019058.08
486,1,684.03,107.0,482,0,1708019059.08
487,1,682.73,107.2,483,0,1708019060.08
488,1,681.42,107.4,484,0,1708019061.08
489,1,680.1,107.6,485,0,1708019062.08
490,1,678.76,107.8,486,0,1708019063.08
491,1,677.4,108.0,487,0,1708019064.08
492,1,676.02,108.2,488,0,1708019065.08
493,1,674.63,108.4,489,0,1708019066.08
494,1,673.23,108.6,490,0,1708019067.08
495,1,671.81,108.8,491,0,1708019068.08
496,1,670.37,109.0,492,0,1708019069.08
497,1,668.93,109.2,493,0,1708019070.08
498,1,667.46,109.4,494,0,1708019071.08
499,1,665.99,109.6,495,0,1708019072.08
500,1,664.5,109.8,496,0,1708019073.08
501,1,663.0,110.0,497,0,1708019074.08
502,1,661.48,110.2,498,0,1708019075.08
503,1,659.96,110.4,499,0,1708019076.08
504,1,658.42,110.6,500,0,1708019077.08
505,1,656.87,110.8,501,0,1708019078.08
506,1,655.31,111.0,502,0,1708019079.08
507,1,653.74,111.2,503,0,1708019080.08
508,1,652.15,111.4,504,0,1708019081.08
509,1,650.56,111.6,505,0,1708019082.08
510,1,648.95,111.8,506,0,1708019083.08
511,1,647.34,112.0,507,0,1708019084.08
512,1,645.72,112.2,508,0,1708019085.08
513,1,644.08,112.4,509,0,1708019086.08
514,1,642.44,112.6,510,0,1708019087.08
515,1,640.79,112.8,511,0,1708019088.08
516,1,639.13,113.0,512,0,1708019089.08
517,1,637.47,113.2,513,0,1708019090.08
518,1,635.79,113.4,514,0,1708019091.08
519,1,634.11,113.6,515,0,1708019092.08
520,1,632.42,113.8,516,0,1708019093.08
521,1,630.73,114.0,517,0,1708019094.08
522,1,629.03,114.2,518,0,1708019095.08
523,1,627.32,114.4,519,0,1708019096.08
524,1,625.6,114.6,520,0,1708019097.08
525,1,623.88,114.8,521,0,1708019098.08
526,1,622.16,115.0,522,0,1708019099.08
527,1,620.43,115.2,523,0,1708019100.08
528,1,618.69,115.4,524,0,1708019101.08
529,1,616.95,115.6,525,0,1708019102.08
530,1,615.21,115.8,526,0,1708019103.08
531,1,613.46,116.0,527,0,1708019104.08
532,1,611.71,116.2,528,0,1708019105.08
533,1,609.96,116.4,529,0,1708019106.08
534,1,608.2,116.6,530,0,1708019107.08
535,1,606.44,116.8,531,0,1708019108.08
536,1,604.68,117.0,532,0,1708019109.08
537,1,602.92,117.2,533,0,1708019110.08
538,1,601.16,117.4,534,0,1708019111.08
539,1,599.39,117.6,535,0,1708019112.08
540,1,597.62,117.8,536,0,1708019113.08
541,1,595.85,118.0,537,0,1708019114.08
542,1,594.09,118.2,538,0,1708019115.08
543,1,592.32,118.4,539,0,1708019116.08
544,1,590.55,118.6,540,0,1708019117.08
545,1,588.78,118.8,541,0,1708019118.08
546,1,587.01,119.0,542,0,1708019119.08
547,1,585.25,119.2,543,0,1708019120.08
548,1,583.48,119.4,544,0,1708019121.08
549,1,581.72,119.6,545,0,1708019122.08
550,1,579.96,119.8,546,0,1708019123.08
551,1,578.2,120.0,547,0,1708019124.08
552,1,576.45,120.2,548,0,1708019125.08
553,1,574.7,120.4,549,0,1708019126.08
554,1,572.95,120.6,550,0,1708019127.08
555,1,571.2,120.8,551,0,1708019128.08
556,1,569.46,121.0,552,0,1708019129.08
557,1,567.72,121.2,553,0,1708019130.08
558,1,565.99,121.4,554,0,1708019131.08
559,1,564.26,121.6,555,0,1708019132.08
560,1,562.53,121.8,556,0,1708019133.08
561,1,560.82,122.0,557,0,1708019134.08
562,1,559.1,122.2,558,0,1708019135.08
563,1,557.4,122.4,559,0,1708019136.08
564,1,555.7,122.6,560,0,1708019137.08
565,1,554.0,122.8,561,0,1708019138.08
566,1,552.32,123.0,562,0,1708019139.08
567,1,550.64,123.2,563,0,1708019140.08
568,1,548.97,123.4,564,0,1708019141.08
569,1,547.3,123.6,565,0,1708019142.08
570,1,545.65,123.8,566,0,1708019143.08
571,1,544.0,124.0,567,0,1708019144.08
572,1,542.36,124.2,568,0,1708019145.08
573,1,540.73,124.4,569,0,1708019146.08
574,1,539.11,124.6,570,0,1708019147.08
575,1,537.5,124.8,571,0,1708019148.08
576,1,535.9,125.0,572,0,1708019149.08
577,1,534.31,125.2,573,0,1708019150.08
578,1,532.73,125.4,574,0,1708019151.08
579,1,531.16,125.6,575,0,1708019152.08
580,1,529.6,125.8,576,0,1708019153.08
581,1,528.05,126.0,577,0,1708019154.08
582,1,526.52,126.2,578,0,1708019155.08
583,1,525.0,126.4,579,0,1708019156.08
584,1,523.48,126.6,580,0,1708019157.08
585,1,521.99,126.8,581,0,1708019158.08
586,1,520.5,127.0,582,0,1708019159.08
587,1,519.03,127.2,583,0,1708019160.08
588,1,517.57,127.4,584,0,1708019161.08
589,1,516.13,127.6,585,0,1708019162.08
590,1,514.7,127.8,586,0,1708019163.08
591,1,513.28,128.0,587,0,1708019164.08
592,1,511.88,128.2,588,0,1708019165.08
593,1,510.5,128.4,589,0,1708019166.08
594,1,509.13,128.6,590,0,1708019167.08
595,1,507.78,128.8,591,0,1708019168.08
596,1,506.44,129.0,592,0,1708019169.08
597,1,505.12,129.2,593,0,1708019170.08
598,1,503.81,129.4,594,0,1708019171.08
599,1,502.52,129.6,595,0,1708019172.08
600,1,501.25,129.8,596,0,1708019173.08
601,1,500.0,130.0,597,0,1708019174.08
602,1,498.76,130.2,598,0,1708019175.08
603,1,497.55,130.4,599,0,1708019176.08
604,1,496.35,130.6,600,0,1708019177.08
605,1,495.17,130.8,601,0,1708019178.08
606,1,494.0,131.0,602,0,1708019179.08
607,1,492.85,131.2,603,0,1708019180.08
608,1,491.72,131.4,604,0,1708019181.08
609,1,490.61,131.6,605,0,1708019182.08
610,1,489.52,131.8,606,0,1708019183.08
611,1,488.44,132.0,607,0,1708019184.08
612,1,487.38,132.2,608,0,1708019185.08
613,1,486.33,132.4,609,0,1708019186.08
614,1,485.3,132.6,610,0,1708019187.08
615,1,484.29,132.8,611,0,1708019188.08
616,1,483.3,133.0,612,0,1708019189.08
617,1,482.32,133.2,613,0,1708019190.08
618,1,481.36,133.4,614,0,1708019191.08
619,1,480.41,133.6,615,0,1708019192.08
620,1,479.48,133.8,616,0,1708019193.08
621,1,478.57,134.0,617,0,1708019194.08
622,1,477.67,134.2,618,0,1708019195.08
623,1,476.79,134.4,619,0,1708019196.08
624,1,475.93,134.6,620,0,1708019197.08
625,1,475.08,134.8,621,0,1708019198.08
626,1,474.25,135.0,622,0,1708019199.08
627,1,473.43,135.2,623,0,1708019200.08
628,1,472.63,135.4,624,0,1708019201.08
629,1,471.84,135.6,625,0,1708019202.08
630,1,471.07,135.8,626,0,1708019203.08
631,1,470.31,136.0,627,0,1708019204.08
632,1,469.57,136.2,628,0,1708019205.08
633,1,468.85,136.4,629,0,1708019206.08
634,1,468.14,136.6,630,0,1708019207.08
635,1,467.44,136.8,631,0,1708019208.08
636,1,466.76,137.0,632,0,1708019209.08
637,1,466.09,137.2,633,0,1708019210.08
638,1,465.44,137.4,634,0,1708019211.08
639,1,464.8,137.6,635,0,1708019212.08
640,1,464.18,137.8,636,0,1708019213.08
641,1,463.57,138.0,637,0,1708019214.08
642,1,462.98,138.2,638,0,1708019215.08
643,1,462.4,138.4,639,0,1708019216.08
644,1,461.83,138.6,640,0,1708019217.08
645,1,461.28,138.8,641,0,1708019218.08
646,1,460.75,139.0,642,0,1708019219.08
647,1,460.22,139.2,643,0,1708019220.08
648,1,459.71,139.4,644,0,1708019221.08
649,1,459.21,139.6,645,0,1708019222.08
650,1,458.73,139.8,646,0,1708019223.08
651,1,458.26,140.0,647,0,1708019224.08
652,1,457.81,140.2,648,0,1708019225.08
653,1,457.36,140.4,649,0,1708019226.08
654,1,456.93,140.6,650,0,1708019227.08
655,1,456.52,140.8,651,0,1708019228.08
656,1,456.11,141.0,652,0,1708019229.08
657,1,455.72,141.2,653,0,1708019230.08
658,1,455.35,141.4,654,0,1708019231.08
659,1,454.98,141.6,655,0,1708019232.08
660,1,454.63,141.8,656,0,1708019233.08
661,1,454.29,142.0,657,0,1708019234.08
662,1,453.96,142.2,658,0,1708019235.08
663,1,453.65,142.4,659,0,1708019236.08
664,1,453.35,142.6,660,0,1708019237.08
665,1,453.06,142.8,661,0,1708019238.08
666,1,452.78,143.0,662,0,1708019239.08
667,1,452.51,143.2,663,0,1708019240.08
668,1,452.26,143.4,664,0,1708019241.08
669,1,452.02,143.6,665,0,1708019242.08
670,1,451.79,143.8,666,0,1708019243.08
671,1,451.57,144.0,667,0,1708019244.08
672,1,451.36,144.2,668,0,1708019245.08
673,1,451.17,144.4,669,0,1708019246.08
674,1,450.98,144.6,670,0,1708019247.08
675,1,450.81,144.8,671,0,1708019248.08
676,1,450.65,145.0,672,0,1708019249.08
677,1,450.5,145.2,673,0,1708019250.08
678,1,450.36,145.4,674,0,1708019251.08
679,1,450.23,145.6,675,0,1708019252.08
680,1,450.11,145.8,676,0,1708019253.08
681,1,450.01,146.0,677,0,1708019254.08
682,1,449.91,146.2,678,0,1708019255.08
683,1,449.82,146.4,679,0,1708019256.08
684,1,449.75,146.6,680,0,1708019257.08
685,1,449.68,146.8,681,0,1708019258.08
686,1,449.63,147.0,682,0,1708019259.08
687,1,449.59,147.2,683,0,1708019260.08
688,1,449.55,147.4,684,0,1708019261.08
689,1,449.53,147.6,685,0,1708019262.08
690,1,449.52,147.8,686,0,1708019263.08
691,1,449.51,148.0,687,0,1708019264.08
692,1,449.52,148.2,688,0,1708019265.08
693,1,449.53,148.4,689,0,1708019266.08
694,1,449.56,148.6,690,0,1708019267.08
695,1,449.59,148.8,691,0,1708019268.08
696,1,449.64,149.0,692,0,1708019269.08
697,1,449.69,149.2,693,0,1708019270.08
698,1,449.76,149.4,694,0,1708019271.08
699,1,449.83,149.6,695,0,1708019272.08
700,1,449.91,149.8,696,0,1708019273.08
701,1,450.0,150.0,697,0,1708019274.08
702,1,450.1,150.2,698,0,1708019275.08
703,1,450.21,150.4,699,0,1708019276.08
704,1,450.32,150.6,700,0,1708019277.08
705,1,450.45,150.8,701,0,1708019278.08
706,1,450.58,151.0,702,0,1708019279.08
707,1,450.72,151.2,703,0,1708019280.08
708,1,450.86,151.4,704,0,1708019281.08
709,1,451.01,151.6,705,0,1708019282.08
710,1,451.17,151.8,706,0,1708019283.08
711,1,451.33,152.0,707,0,1708019284.08
712,1,451.5,152.2,708,0,1708019285.08
713,1,451.67,152.4,709,0,1708019286.08
714,1,451.84,152.6,710,0,1708019287.08
715,1,452.02,152.8,711,0,1708019288.08
716,1,452.21,153.0,712,0,1708019289.08
717,1,452.39,153.2,713,0,1708019290.08
718,1,452.58,153.4,714,0,1708019291.08
719,1,452.78,153.6,715,0,1708019292.08
720,1,452.97,153.8,716,0,1708019293.08
721,1,453.16,154.0,717,0,1708019294.08
722,1,453.36,154.2,718,0,1708019295.08
723,1,453.56,154.4,719,0,1708019296.08
724,1,453.76,154.6,720,0,1708019297.08
725,1,453.95,154.8,721,0,1708019298.08
726,1,454.15,155.0,722,0,1708019299.08
727,1,454.35,155.2,723,0,1708019300.08
728,1,454.55,155.4,724,0,1708019301.08
729,1,454.74,155.6,725,0,1708019302.08
730,1,454.93,155.8,726,0,1708019303.08
731,1,455.12,156.0,727,0,1708019304.08
732,1,455.31,156.2,728,0,1708019305.08
733,1,455.5,156.4,729,0,1708019306.08
734,1,455.68,156.6,730,0,1708019307.08
735,1,455.85,156.8,731,0,1708019308.08
736,1,456.03,157.0,732,0,1708019309.08
737,1,456.2,157.2,733,0,1708019310.08
738,1,456.36,157.4,734,0,1708019311.08
739,1,456.52,157.6,735,0,1708019312.08
740,1,456.67,157.8,736,0,1708019313.08
741,1,456.82,158.0,737,0,1708019314.08
742,1,456.96,158.2,738,0,1708019315.08
743,1,457.09,158.4,739,0,1708019316.08
744,1,457.22,158.6,740,0,1708019317.08
745,1,457.34,158.8,741,0,1708019318.08
746,1,457.45,159.0,742,0,1708019319.08
747,1,457.55,159.2,743,0,1708019320.08
748,1,457.65,159.4,744,0,1708019321.08
749,1,457.73,159.6,745,0,1708019322.08
750,1,457.81,159.8,746,0,1708019323.08
751,1,457.87,160.0,747,0,1708019324.08
752,1,457.93,160.2,748,0,1708019325.08
753,1,457.97,160.4,749,0,1708019326.08
754,1,458.0,160.6,750,0,1708019327.08
755,1,458.02,160.8,751,0,1708019328.08
756,1,458.03,161.0,752,0,1708019329.08
757,1,458.03,161.2,753,0,1708019330.08
758,1,458.02,161.4,754,0,1708019331.08
759,1,457.99,161.6,755,0,1708019332.08
760,1,457.95,161.8,756,0,1708019333.08
761,1,457.89,162.0,757,0,1708019334.08
762,1,457.82,162.2,758,0,1708019335.08
763,1,457.74,162.4,759,0,1708019336.08
764,1,457.64,162.6,760,0,1708019337.08
765,1,457.53,162.8,761,0,1708019338.08
766,1,457.4,163.0,762,0,1708019339.08
767,1,457.25,163.2,763,0,1708019340.08
768,1,457.09,163.4,764,0,1708019341.08
769,1,456.91,163.6,765,0,1708019342.08
770,1,456.71,163.8,766,0,1708019343.08
771,1,456.5,164.0,767,0,1708019344.08
772,1,456.27,164.2,768,0,1708019345.08
773,1,456.02,164.4,769,0,1708019346.08
774,1,455.75,164.6,770,0,1708019347.08
775,1,455.46,164.8,771,0,1708019348.08
776,1,455.15,165.0,772,0,1708019349.08
777,1,454.83,165.2,773,0,1708019350.08
778,1,454.48,165.4,774,0,1708019351.08
779,1,454.11,165.6,775,0,1708019352.08
780,1,453.72,165.8,776,0,1708019353.08
781,1,453.31,166.0,777,0,1708019354.08
782,1,452.88,166.2,778,0,1708019355.08
783,1,452.42,166.4,779,0,1708019356.08
784,1,451.94,166.6,780,0,1708019357.08
785,1,451.44,166.8,781,0,1708019358.08
786,1,450.92,167.0,782,0,1708019359.08
787,1,450.37,167.2,783,0,1708019360.08
788,1,449.8,167.4,784,0,1708019361.08
789,1,449.21,167.6,785,0,1708019362.08
790,1,448.58,167.8,786,0,1708019363.08
791,1,447.94,168.0,787,0,1708019364.08
792,1,447.27,168.2,788,0,1708019365.08
793,1,446.57,168.4,789,0,1708019366.08
794,1,445.84,168.6,790,0,1708019367.08
795,1,445.09,168.8,791,0,1708019368.08
796,1,444.31,169.0,792,0,1708019369.08
797,1,443.51,169.2,793,0,1708019370.08
798,1,442.67,169.4,794,0,1708019371.08
799,1,441.81,169.6,795,0,1708019372.08
800,1,440.92,169.8,796,0,1708019373.08
801,1,440.0,170.0,797,0,1708019374.08
802,1,439.05,170.2,798,0,1708019375.08
803,1,438.07,170.4,799,0,1708019376.08
804,1,437.07,170.6,800,0,1708019377.08
805,1,436.05,170.8,801,0,1708019378.08
806,1,435.01,171.0,802,0,1708019379.08
807,1,433.95,171.2,803,0,1708019380.08
808,1,432.88,171.4,804,0,1708019381.08
809,1,431.8,171.6,805,0,1708019382.08
810,1,430.7,171.8,806,0,1708019383.08
811,1,429.61,172.0,807,0,1708019384.08
812,1,428.5,172.2,808,0,1708019385.08
813,1,427.4,172.4,809,0,1708019386.08
814,1,426.3,172.6,810,0,1708019387.08
815,1,425.2,172.8,811,0,1708019388.08
816,1,424.11,173.0,812,0,1708019389.08
817,1,423.02,173.2,813,0,1708019390.08
818,1,421.95,173.4,814,0,1708019391.08
819,1,420.89,173.6,815,0,1708019392.08
820,1,419.85,173.8,816,0,1708019393.08
821,1,418.83,174.0,817,0,1708019394.08
822,1,417.84,174.2,818,0,1708019395.08
823,1,416.86,174.4,819,0,1708019396.08
824,1,415.91,174.6,820,0,1708019397.08
825,1,415.0,174.8,821,0,1708019398.08
826,1,414.11,175.0,822,0,1708019399.08
827,1,413.26,175.2,823,0,1708019400.08
828,1,412.45,175.4,824,0,1708019401.08
829,1,411.68,175.6,825,0,1708019402.08
830,1,410.95,175.8,826,0,1708019403.08
831,1,410.26,176.0,827,0,1708019404.08
832,1,409.62,176.2,828,0,1708019405.08
833,1,409.04,176.4,829,0,1708019406.08
834,1,408.5,176.6,830,0,1708019407.08
835,1,408.02,176.8,831,0,1708019408.08
836,1,407.6,177.0,832,0,1708019409.08
837,1,407.24,177.2,833,0,1708019410.08
838,1,406.94,177.4,834,0,1708019411.08
839,1,406.71,177.6,835,0,1708019412.08
840,1,406.55,177.8,836,0,1708019413.08
841,1,406.46,178.0,837,0,1708019414.08
842,1,406.44,178.2,838,0,1708019415.08
843,1,406.5,178.4,839,0,1708019416.08
844,1,406.63,178.6,840,0,1708019417.08
845,1,406.85,178.8,841,0,1708019418.08
846,1,407.15,179.0,842,0,1708019419.08
847,1,407.54,179.2,843,0,1708019420.08
848,1,408.01,179.4,844,0,1708019421.08
849,1,408.58,179.6,845,0,1708019422.08
850,1,409.24,179.8,846,0,1708019423.08
851,1,410.0,180.0,847,0,1708019424.08
852,1,410.86,180.2,848,0,1708019425.08
853,1,411.81,180.4,849,0,1708019426.08
854,1,412.85,180.6,850,0,1708019427.08
855,1,413.99,180.8,851,0,1708019428.08
856,1,415.21,181.0,852,0,1708019429.08
857,1,416.52,181.2,853,0,1708019430.08
858,1,417.9,181.4,854,0,1708019431.08
859,1,419.37,181.6,855,0,1708019432.08
860,1,420.91,181.8,856,0,1708019433.08
861,1,422.52,182.0,857,0,1708019434.08
862,1,424.2,182.2,858,0,1708019435.08
863,1,425.94,182.4,859,0,1708019436.08
864,1,427.75,182.6,860,0,1708019437.08
865,1,429.61,182.8,861,0,1708019438.08
866,1,431.53,183.0,862,0,1708019439.08
867,1,433.5,183.2,863,0,1708019440.08
868,1,435.53,183.4,864,0,1708019441.08
869,1,437.6,183.6,865,0,1708019442.08
870,1,439.71,183.8,866,0,1708019443.08
871,1,441.86,184.0,867,0,1708019444.08
872,1,444.06,184.2,868,0,1708019445.08
873,1,446.28,184.4,869,0,1708019446.08
874,1,448.54,184.6,870,0,1708019447.08
875,1,450.82,184.8,871,0,1708019448.08
876,1,453.13,185.0,872,0,1708019449.08
877,1,455.47,185.2,873,0,1708019450.08
878,1,457.82,185.4,874,0,1708019451.08
879,1,460.18,185.6,875,0,1708019452.08
880,1,462.56,185.8,876,0,1708019453.08
881,1,464.95,186.0,877,0,1708019454.08
882,1,467.35,186.2,878,0,1708019455.08
883,1,469.75,186.4,879,0,1708019456.08
884,1,472.15,186.6,880,0,1708019457.08
885,1,474.54,186.8,881,0,1708019458.08
886,1,476.94,187.0,882,0,1708019459.08
887,1,479.32,187.2,883,0,1708019460.08
888,1,481.69,187.4,884,0,1708019461.08
889,1,484.04,187.6,885,0,1708019462.08
890,1,486.38,187.8,886,0,1708019463.08
891,1,488.69,188.0,887,0,1708019464.08
892,1,490.99,188.2,888,0,1708019465.08
893,1,493.25,188.4,889,0,1708019466.08
894,1,495.48,188.6,890,0,1708019467.08
895,1,497.68,188.8,891,0,1708019468.08
896,1,499.85,189.0,892,0,1708019469.08
897,1,501.97,189.2,893,0,1708019470.08
898,1,504.05,189.4,894,0,1708019471.08
899,1,506.08,189.6,895,0,1708019472.08
900,1,508.07,189.8,896,0,1708019473.08
901,1,510.0,190.0,897,0,1708019474.08
902,1,511.88,190.2,898,0,1708019475.08
903,1,513.7,190.4,899,0,1708019476.08
904,1,515.47,190.6,900,0,1708019477.08
905,1,517.18,190.8,901,0,1708019478.08
906,1,518.84,191.0,902,0,1708019479.08
907,1,520.45,191.2,903,0,1708019480.08
908,1,522.0,191.4,904,0,1708019481.08
909,1,523.49,191.6,905,0,1708019482.08
910,1,524.94,191.8,906,0,1708019483.08
911,1,526.33,192.0,907,0,1708019484.08
912,1,527.66,192.2,908,0,1708019485.08
913,1,528.94,192.4,909,0,1708019486.08
914,1,530.17,192.6,910,0,1708019487.08
915,1,531.35,192.8,911,0,1708019488.08
916,1,532.47,193.0,912,0,1708019489.08
917,1,533.54,193.2,913,0,1708019490.08
918,1,534.56,193.4,914,0,1708019491.08
919,1,535.53,193.6,915,0,1708019492.08
920,1,536.44,193.8,916,0,1708019493.08
921,1,537.31,194.0,917,0,1708019494.08
922,1,538.12,194.2,918,0,1708019495.08
923,1,538.88,194.4,919,0,1708019496.08
924,1,539.59,194.6,920,0,1708019497.08
925,1,540.24,194.8,921,0,1708019498.08
926,1,540.85,195.0,922,0,1708019499.08
927,1,541.41,195.2,923,0,1708019500.08
928,1,541.91,195.4,924,0,1708019501.08
929,1,542.37,195.6,925,0,1708019502.08
930,1,542.77,195.8,926,0,1708019503.08
931,1,543.13,196.0,927,0,1708019504.08
932,1,543.43,196.2,928,0,1708019505.08
933,1,543.69,196.4,929,0,1708019506.08
934,1,543.89,196.6,930,0,1708019507.08
935,1,544.05,196.8,931,0,1708019508.08
936,1,544.16,197.0,932,0,1708019509.08
937,1,544.21,197.2,933,0,1708019510.08
938,1,544.22,197.4,934,0,1708019511.08
939,1,544.18,197.6,935,0,1708019512.08
940,1,544.1,197.8,936,0,1708019513.08
941,1,543.96,198.0,937,0,1708019514.08
942,1,543.78,198.2,938,0,1708019515.08
943,1,543.55,198.4,939,0,1708019516.08
944,1,543.27,198.6,940,0,1708019517.08
945,1,542.94,198.8,941,0,1708019518.08
946,1,542.57,199.0,942,0,1708019519.08
947,1,542.15,199.2,943,0,1708019520.08
948,1,541.68,199.4,944,0,1708019521.08
949,1,541.17,199.6,945,0,1708019522.08
950,1,540.61,199.8,946,0,1708019523.08
951,1,540.0,200.0,947,0,1708019524.08
952,1,539.35,200.2,948,0,1708019525.08
953,1,538.65,200.4,949,0,1708019526.08
954,1,537.91,200.6,950,0,1708019527.08
955,1,537.12,200.8,951,0,1708019528.08
956,1,536.29,201.0,952,0,1708019529.08
957,1,535.42,201.2,953,0,1708019530.08
958,1,534.51,201.4,954,0,1708019531.08
959,1,533.56,201.6,955,0,1708019532.08
960,1,532.57,201.8,956,0,1708019533.08
961,1,531.54,202.0,957,0,1708019534.08
962,1,530.48,202.2,958,0,1708019535.08
963,1,529.38,202.4,959,0,1708019536.08
964,1,528.24,202.6,960,0,1708019537.08
965,1,527.07,202.8,961,0,1708019538.08
966,1,525.87,203.0,962,0,1708019539.08
967,1,524.64,203.2,963,0,1708019540.08
968,1,523.37,203.4,964,0,1708019541.08
969,1,522.07,203.6,965,0,1708019542.08
970,1,520.75,203.8,966,0,1708019543.08
971,1,519.39,204.0,967,0,1708019544.08
972,1,518.01,204.2,968,0,1708019545.08
973,1,516.6,204.4,969,0,1708019546.08
974,1,515.16,204.6,970,0,1708019547.08
975,1,513.7,204.8,971,0,1708019548.08
976,1,512.22,205.0,972,0,1708019549.08
977,1,510.71,205.2,973,0,1708019550.08
978,1,509.18,205.4,974,0,1708019551.08
979,1,507.63,205.6,975,0,1708019552.08
980,1,506.06,205.8,976,0,1708019553.08
981,1,504.47,206.0,977,0,1708019554.08
982,1,502.86,206.2,978,0,1708019555.08
983,1,501.23,206.4,979,0,1708019556.08
984,1,499.59,206.6,980,0,1708019557.08
985,1,497.93,206.8,981,0,1708019558.08
986,1,496.25,207.0,982,0,1708019559.08
987,1,494.57,207.2,983,0,1708019560.08
988,1,492.87,207.4,984,0,1708019561.08
989,1,491.15,207.6,985,0,1708019562.08
990,1,489.43,207.8,986,0,1708019563.08
991,1,487.69,208.0,987,0,1708019564.08
992,1,485.95,208.2,988,0,1708019565.08
993,1,484.2,208.4,989,0,1708019566.08
994,1,482.44,208.6,990,0,1708019567.08
995,1,480.68,208.8,991,0,1708019568.08
996,1,478.91,209.0,992,0,1708019569.08
997,1,477.13,209.2,993,0,1708019570.08
998,1,475.35,209.4,994,0,1708019571.08
999,1,473.57,209.6,995,0,1708019572.08
1000,1,471.78,209.8,996,0,1708019573.08
1001,1,470.0,210.0,997,0,1708019574.08
